{"cameraMode":{"drawMode":0,"name":"Shaded","section":"Shading Mode"},"sceneLighting":true,"audioPlay":false,"sceneViewState":{"showFog":true,"showMaterialUpdate":true,"showSkybox":true,"showFlares":true,"showImageEffects":true,"showParticleSystems":true},"in2DMode":false,"pivot":{"x":1.5316084623336793,"y":5.128615379333496,"z":38.32929992675781},"rotation":{"x":0.02710968814790249,"y":-0.9709445238113403,"z":0.19516631960868836,"w":0.13675697147846223},"size":16.34376335144043,"orthographic":false}