{"cameraMode":{"drawMode":0,"name":"Shaded","section":"Shading Mode"},"sceneLighting":true,"audioPlay":false,"sceneViewState":{"showFog":false,"showMaterialUpdate":false,"showSkybox":false,"showFlares":false,"showImageEffects":false,"showParticleSystems":false},"in2DMode":false,"pivot":{"x":27.36795997619629,"y":37.07057189941406,"z":32.81048583984375},"rotation":{"x":0.035153716802597049,"y":-0.4164853096008301,"z":-0.01614145003259182,"w":-0.9083655476570129},"size":66.09894561767578,"orthographic":false}