{"cameraMode":{"drawMode":0,"name":"Shaded","section":"Shading Mode"},"sceneLighting":false,"audioPlay":false,"sceneViewState":{"showFog":false,"showMaterialUpdate":false,"showSkybox":false,"showFlares":false,"showImageEffects":false,"showParticleSystems":false},"in2DMode":false,"pivot":{"x":-3.9477717876434328,"y":-0.24227559566497804,"z":2.781486749649048},"rotation":{"x":0.3474632203578949,"y":-0.5845746994018555,"z":0.30458950996398928,"w":0.6669485569000244},"size":5.854752063751221,"orthographic":false}