{"cameraMode":{"drawMode":0,"name":"Shaded","section":"Shading Mode"},"sceneLighting":false,"audioPlay":false,"sceneViewState":{"showFog":true,"showMaterialUpdate":false,"showSkybox":true,"showFlares":true,"showImageEffects":true,"showParticleSystems":true},"in2DMode":false,"pivot":{"x":-8.431291580200196,"y":1.600172996520996,"z":-16.921531677246095},"rotation":{"x":-0.11969278752803803,"y":-0.2726844251155853,"z":0.034211620688438418,"w":-0.9540206789970398},"size":3.1112325191497804,"orthographic":false}