{"cameraMode":{"drawMode":0,"name":"Shaded","section":"Shading Mode"},"sceneLighting":true,"audioPlay":false,"sceneViewState":{"showFog":true,"showMaterialUpdate":false,"showSkybox":true,"showFlares":true,"showImageEffects":true,"showParticleSystems":true},"in2DMode":false,"pivot":{"x":1.7638286352157593,"y":1.1643540859222413,"z":11.10978889465332},"rotation":{"x":-0.1542431116104126,"y":-0.656767725944519,"z":-0.13978268206119538,"w":0.7248114347457886},"size":3.2512948513031008,"orthographic":false}