{"cameraMode":{"drawMode":0,"name":"Shaded","section":"Shading Mode"},"sceneLighting":false,"audioPlay":false,"sceneViewState":{"showFog":true,"showMaterialUpdate":false,"showSkybox":true,"showFlares":true,"showImageEffects":true,"showParticleSystems":true},"in2DMode":false,"pivot":{"x":-8.486841201782227,"y":1.5459543466567994,"z":-17.13338851928711},"rotation":{"x":0.12445198744535446,"y":-0.345816433429718,"z":-0.04633430019021034,"w":-0.9288594126701355},"size":1.7079477310180665,"orthographic":false}