{"cameraMode":{"drawMode":0,"name":"Shaded","section":"Shading Mode"},"sceneLighting":true,"audioPlay":false,"sceneViewState":{"showFog":true,"showMaterialUpdate":false,"showSkybox":true,"showFlares":false,"showImageEffects":true,"showParticleSystems":false},"in2DMode":false,"pivot":{"x":0.429358571767807,"y":-6.005149841308594,"z":-2.415569305419922},"rotation":{"x":-0.3129125237464905,"y":-0.17984610795974732,"z":0.060609120875597,"w":-0.9308761358261108},"size":23.599212646484376,"orthographic":false}