{"cameraMode":{"drawMode":0,"name":"Shaded","section":"Shading Mode"},"sceneLighting":false,"audioPlay":false,"sceneViewState":{"showFog":true,"showMaterialUpdate":true,"showSkybox":true,"showFlares":true,"showImageEffects":true,"showParticleSystems":true},"in2DMode":false,"pivot":{"x":-8.11253547668457,"y":2.4388694763183595,"z":-16.379493713378908},"rotation":{"x":-0.011586998589336872,"y":0.9784897565841675,"z":-0.057307083159685138,"w":-0.19784045219421388},"size":1.579408049583435,"orthographic":false}