{"cameraMode":{"drawMode":0,"name":"Shaded","section":"Shading Mode"},"sceneLighting":true,"audioPlay":false,"sceneViewState":{"showFog":true,"showMaterialUpdate":false,"showSkybox":true,"showFlares":false,"showImageEffects":true,"showParticleSystems":false},"in2DMode":false,"pivot":{"x":2.3105781078338625,"y":8.204662322998047,"z":-8.06014347076416},"rotation":{"x":-0.36619824171066286,"y":-0.291298508644104,"z":0.12234922498464585,"w":-0.8754901885986328},"size":6.96427059173584,"orthographic":false}