{"cameraMode":{"drawMode":0,"name":"Shaded","section":"Shading Mode"},"sceneLighting":false,"audioPlay":false,"sceneViewState":{"showFog":true,"showMaterialUpdate":true,"showSkybox":true,"showFlares":true,"showImageEffects":true,"showParticleSystems":true},"in2DMode":false,"pivot":{"x":-8.515000343322754,"y":1.9550000429153443,"z":-16.969472885131837},"rotation":{"x":0.31289154291152956,"y":-0.12882384657859803,"z":0.04288041219115257,"w":0.9400593042373657},"size":5.64432430267334,"orthographic":false}