{"cameraMode":{"drawMode":0,"name":"Shaded","section":"Shading Mode"},"sceneLighting":true,"audioPlay":false,"sceneViewState":{"showFog":true,"showMaterialUpdate":false,"showSkybox":true,"showFlares":false,"showImageEffects":true,"showParticleSystems":false},"in2DMode":false,"pivot":{"x":12.521833419799805,"y":3.5960679054260256,"z":-7.494543075561523},"rotation":{"x":-0.0773809552192688,"y":-0.352917343378067,"z":0.029277119785547258,"w":-0.9322341084480286},"size":0.20035463571548463,"orthographic":false}