{"cameraMode":{"drawMode":0,"name":"Shaded","section":"Shading Mode"},"sceneLighting":false,"audioPlay":false,"sceneViewState":{"showFog":true,"showMaterialUpdate":false,"showSkybox":true,"showFlares":false,"showImageEffects":true,"showParticleSystems":false},"in2DMode":false,"pivot":{"x":-7.829846382141113,"y":2.2247402667999269,"z":-3.679884910583496},"rotation":{"x":0.2038477510213852,"y":0.6572080850601196,"z":-0.19206927716732026,"w":0.7000637054443359},"size":2.849090099334717,"orthographic":false}