{"cameraMode":{"drawMode":0,"name":"Shaded","section":"Shading Mode"},"sceneLighting":false,"audioPlay":false,"sceneViewState":{"showFog":true,"showMaterialUpdate":true,"showSkybox":true,"showFlares":true,"showImageEffects":true,"showParticleSystems":true},"in2DMode":false,"pivot":{"x":-8.632404327392579,"y":2.2707712650299074,"z":-17.753921508789064},"rotation":{"x":-0.04806802421808243,"y":-0.41211998462677,"z":0.02181066758930683,"w":-0.9096336960792542},"size":0.2463112473487854,"orthographic":false}