{"cameraMode":{"drawMode":0,"name":"Shaded","section":"Shading Mode"},"sceneLighting":true,"audioPlay":false,"sceneViewState":{"showFog":true,"showMaterialUpdate":false,"showSkybox":true,"showFlares":false,"showImageEffects":true,"showParticleSystems":false},"in2DMode":false,"pivot":{"x":63.72008514404297,"y":4.1426825523376469,"z":21.342832565307618},"rotation":{"x":-0.0036740947980433704,"y":-0.5685943961143494,"z":0.0031464542262256147,"w":-0.8229547739028931},"size":72.32118225097656,"orthographic":false}